system:index,area,class_id,territory,year,.geo
0_0_0,4240.862979632551,211,1,constant,"{""type"":""MultiPoint"",""coordinates"":[]}"
0_0_1,2362.3494271353575,213,1,constant,"{""type"":""MultiPoint"",""coordinates"":[]}"
0_0_2,252.65532492370434,214,1,constant,"{""type"":""MultiPoint"",""coordinates"":[]}"
0_0_3,2903.944679818574,219,1,constant,"{""type"":""MultiPoint"",""coordinates"":[]}"
0_0_4,26889.951195633315,1213,1,constant,"{""type"":""MultiPoint"",""coordinates"":[]}"
0_0_5,4988.109515213689,1214,1,constant,"{""type"":""MultiPoint"",""coordinates"":[]}"
0_0_6,212.01683908465515,2234,1,constant,"{""type"":""MultiPoint"",""coordinates"":[]}"
0_0_7,25795.50535462749,13134,1,constant,"{""type"":""MultiPoint"",""coordinates"":[]}"
0_1_0,5850.6355267771005,211,2,constant,"{""type"":""MultiPoint"",""coordinates"":[]}"
0_1_1,1329.915410864485,213,2,constant,"{""type"":""MultiPoint"",""coordinates"":[]}"
0_1_2,1279.126072813755,214,2,constant,"{""type"":""MultiPoint"",""coordinates"":[]}"
0_1_3,2950.418363623972,219,2,constant,"{""type"":""MultiPoint"",""coordinates"":[]}"
0_1_4,25035.09715745064,1213,2,constant,"{""type"":""MultiPoint"",""coordinates"":[]}"
0_1_5,7489.188873766769,1214,2,constant,"{""type"":""MultiPoint"",""coordinates"":[]}"
0_1_6,337.2135580875295,2234,2,constant,"{""type"":""MultiPoint"",""coordinates"":[]}"
0_1_7,12088.212100356346,13134,2,constant,"{""type"":""MultiPoint"",""coordinates"":[]}"
0_2_0,3317.984264167256,211,3,constant,"{""type"":""MultiPoint"",""coordinates"":[]}"
0_2_1,533.0989056413558,213,3,constant,"{""type"":""MultiPoint"",""coordinates"":[]}"
0_2_2,1717.1942105149133,214,3,constant,"{""type"":""MultiPoint"",""coordinates"":[]}"
0_2_3,56.55553375134335,219,3,constant,"{""type"":""MultiPoint"",""coordinates"":[]}"
0_2_4,1749.4718999071636,1213,3,constant,"{""type"":""MultiPoint"",""coordinates"":[]}"
0_2_5,6621.852283098208,1214,3,constant,"{""type"":""MultiPoint"",""coordinates"":[]}"
0_2_6,435.14393875788227,2234,3,constant,"{""type"":""MultiPoint"",""coordinates"":[]}"
0_2_7,20863.34797067658,13134,3,constant,"{""type"":""MultiPoint"",""coordinates"":[]}"
0_3_0,1366.9084569287154,211,4,constant,"{""type"":""MultiPoint"",""coordinates"":[]}"
0_3_1,271.3888523402664,213,4,constant,"{""type"":""MultiPoint"",""coordinates"":[]}"
0_3_2,76.4932249856569,214,4,constant,"{""type"":""MultiPoint"",""coordinates"":[]}"
0_3_3,42.97040818426494,219,4,constant,"{""type"":""MultiPoint"",""coordinates"":[]}"
0_3_4,3032.8865978628687,1213,4,constant,"{""type"":""MultiPoint"",""coordinates"":[]}"
0_3_5,1350.6425866883649,1214,4,constant,"{""type"":""MultiPoint"",""coordinates"":[]}"
0_3_6,117.29975686871218,2234,4,constant,"{""type"":""MultiPoint"",""coordinates"":[]}"
0_3_7,18712.288908232254,13134,4,constant,"{""type"":""MultiPoint"",""coordinates"":[]}"
0_4_0,5009.331932723298,211,5,constant,"{""type"":""MultiPoint"",""coordinates"":[]}"
0_4_1,15.187225207397464,212,5,constant,"{""type"":""MultiPoint"",""coordinates"":[]}"
0_4_2,805.2328671314682,213,5,constant,"{""type"":""MultiPoint"",""coordinates"":[]}"
0_4_3,558.177666884464,214,5,constant,"{""type"":""MultiPoint"",""coordinates"":[]}"
0_4_4,77.22558833477747,219,5,constant,"{""type"":""MultiPoint"",""coordinates"":[]}"
0_4_5,52.33273731988538,1212,5,constant,"{""type"":""MultiPoint"",""coordinates"":[]}"
0_4_6,9814.633931367056,1213,5,constant,"{""type"":""MultiPoint"",""coordinates"":[]}"
0_4_7,4509.910715879954,1214,5,constant,"{""type"":""MultiPoint"",""coordinates"":[]}"
0_4_8,11.860229736511243,2223,5,constant,"{""type"":""MultiPoint"",""coordinates"":[]}"
0_4_9,14.985713045471195,2224,5,constant,"{""type"":""MultiPoint"",""coordinates"":[]}"
0_4_10,1028.5842947023332,2234,5,constant,"{""type"":""MultiPoint"",""coordinates"":[]}"
0_4_11,537.3329344335326,13123,5,constant,"{""type"":""MultiPoint"",""coordinates"":[]}"
0_4_12,183.53282460028063,13124,5,constant,"{""type"":""MultiPoint"",""coordinates"":[]}"
0_4_13,72680.4464948406,13134,5,constant,"{""type"":""MultiPoint"",""coordinates"":[]}"
0_4_14,42.50482372558594,23234,5,constant,"{""type"":""MultiPoint"",""coordinates"":[]}"
0_4_15,5664.547918133906,141234,5,constant,"{""type"":""MultiPoint"",""coordinates"":[]}"
0_5_0,3149.0139259718776,211,6,constant,"{""type"":""MultiPoint"",""coordinates"":[]}"
0_5_1,629.8372027265041,212,6,constant,"{""type"":""MultiPoint"",""coordinates"":[]}"
0_5_2,728.5336104278604,213,6,constant,"{""type"":""MultiPoint"",""coordinates"":[]}"
0_5_3,1233.0168771539315,214,6,constant,"{""type"":""MultiPoint"",""coordinates"":[]}"
0_5_4,55.203130586486814,219,6,constant,"{""type"":""MultiPoint"",""coordinates"":[]}"
0_5_5,554.30680899622,1212,6,constant,"{""type"":""MultiPoint"",""coordinates"":[]}"
0_5_6,1655.313419203839,1213,6,constant,"{""type"":""MultiPoint"",""coordinates"":[]}"
0_5_7,3263.546738099298,1214,6,constant,"{""type"":""MultiPoint"",""coordinates"":[]}"
0_5_8,180.4543993115854,2223,6,constant,"{""type"":""MultiPoint"",""coordinates"":[]}"
0_5_9,377.03442087976237,2224,6,constant,"{""type"":""MultiPoint"",""coordinates"":[]}"
0_5_10,352.6457475863026,2234,6,constant,"{""type"":""MultiPoint"",""coordinates"":[]}"
0_5_11,1430.478841138807,13123,6,constant,"{""type"":""MultiPoint"",""coordinates"":[]}"
0_5_12,2150.2942676984335,13124,6,constant,"{""type"":""MultiPoint"",""coordinates"":[]}"
0_5_13,13282.700824575131,13134,6,constant,"{""type"":""MultiPoint"",""coordinates"":[]}"
0_5_14,166.00265286474544,23234,6,constant,"{""type"":""MultiPoint"",""coordinates"":[]}"
0_5_15,6631.594232593902,141234,6,constant,"{""type"":""MultiPoint"",""coordinates"":[]}"
0_6_0,650.0663941781067,211,7,constant,"{""type"":""MultiPoint"",""coordinates"":[]}"
0_6_1,5.120578990112304,212,7,constant,"{""type"":""MultiPoint"",""coordinates"":[]}"
0_6_2,80.2134193363648,213,7,constant,"{""type"":""MultiPoint"",""coordinates"":[]}"
0_6_3,317.40452298248533,214,7,constant,"{""type"":""MultiPoint"",""coordinates"":[]}"
0_6_4,28.064745140197786,1212,7,constant,"{""type"":""MultiPoint"",""coordinates"":[]}"
0_6_5,443.9622456215247,1213,7,constant,"{""type"":""MultiPoint"",""coordinates"":[]}"
0_6_6,631.337520281388,1214,7,constant,"{""type"":""MultiPoint"",""coordinates"":[]}"
0_6_7,1.2007920893554687,2223,7,constant,"{""type"":""MultiPoint"",""coordinates"":[]}"
0_6_8,3.288230564819336,2224,7,constant,"{""type"":""MultiPoint"",""coordinates"":[]}"
0_6_9,986.9546482074542,2234,7,constant,"{""type"":""MultiPoint"",""coordinates"":[]}"
0_6_10,273.1464149912737,13123,7,constant,"{""type"":""MultiPoint"",""coordinates"":[]}"
0_6_11,133.61014658276392,13124,7,constant,"{""type"":""MultiPoint"",""coordinates"":[]}"
0_6_12,19712.133369763367,13134,7,constant,"{""type"":""MultiPoint"",""coordinates"":[]}"
0_6_13,8.298640166076655,23234,7,constant,"{""type"":""MultiPoint"",""coordinates"":[]}"
0_6_14,7670.353136685419,141234,7,constant,"{""type"":""MultiPoint"",""coordinates"":[]}"
0_7_0,3330.602983269966,211,8,constant,"{""type"":""MultiPoint"",""coordinates"":[]}"
0_7_1,1967.6551145608569,212,8,constant,"{""type"":""MultiPoint"",""coordinates"":[]}"
0_7_2,1968.727548060409,213,8,constant,"{""type"":""MultiPoint"",""coordinates"":[]}"
0_7_3,1642.0089357128252,214,8,constant,"{""type"":""MultiPoint"",""coordinates"":[]}"
0_7_4,0.029027216125488284,219,8,constant,"{""type"":""MultiPoint"",""coordinates"":[]}"
0_7_5,1135.7295629078956,1212,8,constant,"{""type"":""MultiPoint"",""coordinates"":[]}"
0_7_6,2350.109402350886,1213,8,constant,"{""type"":""MultiPoint"",""coordinates"":[]}"
0_7_7,1967.5778546091572,1214,8,constant,"{""type"":""MultiPoint"",""coordinates"":[]}"
0_7_8,694.5454611788304,2223,8,constant,"{""type"":""MultiPoint"",""coordinates"":[]}"
0_7_9,1041.312604750186,2224,8,constant,"{""type"":""MultiPoint"",""coordinates"":[]}"
0_7_10,2688.767807395952,2234,8,constant,"{""type"":""MultiPoint"",""coordinates"":[]}"
0_7_11,1908.984389229093,13123,8,constant,"{""type"":""MultiPoint"",""coordinates"":[]}"
0_7_12,2774.485148149938,13124,8,constant,"{""type"":""MultiPoint"",""coordinates"":[]}"
0_7_13,11997.15995322198,13134,8,constant,"{""type"":""MultiPoint"",""coordinates"":[]}"
0_7_14,2982.620223259965,23234,8,constant,"{""type"":""MultiPoint"",""coordinates"":[]}"
0_7_15,41947.17512259684,141234,8,constant,"{""type"":""MultiPoint"",""coordinates"":[]}"
0_8_0,900.5448983524127,211,9,constant,"{""type"":""MultiPoint"",""coordinates"":[]}"
0_8_1,426.70199564312577,212,9,constant,"{""type"":""MultiPoint"",""coordinates"":[]}"
0_8_2,790.3472727027606,213,9,constant,"{""type"":""MultiPoint"",""coordinates"":[]}"
0_8_3,1113.9090224091105,214,9,constant,"{""type"":""MultiPoint"",""coordinates"":[]}"
0_8_4,8.723403930664062E-4,219,9,constant,"{""type"":""MultiPoint"",""coordinates"":[]}"
0_8_5,201.28768918517986,1212,9,constant,"{""type"":""MultiPoint"",""coordinates"":[]}"
0_8_6,673.7981341144424,1213,9,constant,"{""type"":""MultiPoint"",""coordinates"":[]}"
0_8_7,609.1648746314062,1214,9,constant,"{""type"":""MultiPoint"",""coordinates"":[]}"
0_8_8,217.59356119427395,2223,9,constant,"{""type"":""MultiPoint"",""coordinates"":[]}"
0_8_9,372.1747925980228,2224,9,constant,"{""type"":""MultiPoint"",""coordinates"":[]}"
0_8_10,861.00267071399,2234,9,constant,"{""type"":""MultiPoint"",""coordinates"":[]}"
0_8_11,396.9144523027331,13123,9,constant,"{""type"":""MultiPoint"",""coordinates"":[]}"
0_8_12,647.6853611060218,13124,9,constant,"{""type"":""MultiPoint"",""coordinates"":[]}"
0_8_13,2383.2310701124266,13134,9,constant,"{""type"":""MultiPoint"",""coordinates"":[]}"
0_8_14,1040.5990283354604,23234,9,constant,"{""type"":""MultiPoint"",""coordinates"":[]}"
0_8_15,9920.021962006274,141234,9,constant,"{""type"":""MultiPoint"",""coordinates"":[]}"
0_9_0,4230.903005106484,211,10,constant,"{""type"":""MultiPoint"",""coordinates"":[]}"
0_9_1,253.40844377270486,212,10,constant,"{""type"":""MultiPoint"",""coordinates"":[]}"
0_9_2,1418.677877780211,213,10,constant,"{""type"":""MultiPoint"",""coordinates"":[]}"
0_9_3,906.7435770793439,214,10,constant,"{""type"":""MultiPoint"",""coordinates"":[]}"
0_9_4,184.4556422431641,1212,10,constant,"{""type"":""MultiPoint"",""coordinates"":[]}"
0_9_5,2473.758648611071,1213,10,constant,"{""type"":""MultiPoint"",""coordinates"":[]}"
0_9_6,4509.359687763177,1214,10,constant,"{""type"":""MultiPoint"",""coordinates"":[]}"
0_9_7,369.4590801262792,2223,10,constant,"{""type"":""MultiPoint"",""coordinates"":[]}"
0_9_8,246.27574187426765,2224,10,constant,"{""type"":""MultiPoint"",""coordinates"":[]}"
0_9_9,1056.066960177371,2234,10,constant,"{""type"":""MultiPoint"",""coordinates"":[]}"
0_9_10,959.9239628483285,13123,10,constant,"{""type"":""MultiPoint"",""coordinates"":[]}"
0_9_11,894.5384034941428,13124,10,constant,"{""type"":""MultiPoint"",""coordinates"":[]}"
0_9_12,47431.47094600425,13134,10,constant,"{""type"":""MultiPoint"",""coordinates"":[]}"
0_9_13,1075.7334770601726,23234,10,constant,"{""type"":""MultiPoint"",""coordinates"":[]}"
0_9_14,21375.398477993534,141234,10,constant,"{""type"":""MultiPoint"",""coordinates"":[]}"
0_10_0,781.2828922214431,211,11,constant,"{""type"":""MultiPoint"",""coordinates"":[]}"
0_10_1,106.50905817040987,213,11,constant,"{""type"":""MultiPoint"",""coordinates"":[]}"
0_10_2,224.17794100805548,214,11,constant,"{""type"":""MultiPoint"",""coordinates"":[]}"
0_10_3,313.41516082586696,1213,11,constant,"{""type"":""MultiPoint"",""coordinates"":[]}"
0_10_4,838.4596877032476,1214,11,constant,"{""type"":""MultiPoint"",""coordinates"":[]}"
0_10_5,340.2467293137821,2234,11,constant,"{""type"":""MultiPoint"",""coordinates"":[]}"
0_10_6,15962.70720800678,13134,11,constant,"{""type"":""MultiPoint"",""coordinates"":[]}"
0_11_0,453.07042244958376,211,12,constant,"{""type"":""MultiPoint"",""coordinates"":[]}"
0_11_1,250.91686731414526,212,12,constant,"{""type"":""MultiPoint"",""coordinates"":[]}"
0_11_2,389.208690435053,213,12,constant,"{""type"":""MultiPoint"",""coordinates"":[]}"
0_11_3,535.2848318938611,214,12,constant,"{""type"":""MultiPoint"",""coordinates"":[]}"
0_11_4,0.6293487618408201,219,12,constant,"{""type"":""MultiPoint"",""coordinates"":[]}"
0_11_5,151.92679460790902,1212,12,constant,"{""type"":""MultiPoint"",""coordinates"":[]}"
0_11_6,346.63962892602933,1213,12,constant,"{""type"":""MultiPoint"",""coordinates"":[]}"
0_11_7,285.1747504631338,1214,12,constant,"{""type"":""MultiPoint"",""coordinates"":[]}"
0_11_8,140.25270613598985,2223,12,constant,"{""type"":""MultiPoint"",""coordinates"":[]}"
0_11_9,217.17242541461374,2224,12,constant,"{""type"":""MultiPoint"",""coordinates"":[]}"
0_11_10,360.5178631758416,2234,12,constant,"{""type"":""MultiPoint"",""coordinates"":[]}"
0_11_11,224.1364795016466,13123,12,constant,"{""type"":""MultiPoint"",""coordinates"":[]}"
0_11_12,452.9649979999378,13124,12,constant,"{""type"":""MultiPoint"",""coordinates"":[]}"
0_11_13,1180.0715931437442,13134,12,constant,"{""type"":""MultiPoint"",""coordinates"":[]}"
0_11_14,435.7836407184396,23234,12,constant,"{""type"":""MultiPoint"",""coordinates"":[]}"
0_11_15,3633.8954760796987,141234,12,constant,"{""type"":""MultiPoint"",""coordinates"":[]}"
0_12_0,1409.464586358033,211,13,constant,"{""type"":""MultiPoint"",""coordinates"":[]}"
0_12_1,568.6350162630587,212,13,constant,"{""type"":""MultiPoint"",""coordinates"":[]}"
0_12_2,921.7006733161585,213,13,constant,"{""type"":""MultiPoint"",""coordinates"":[]}"
0_12_3,1363.1761848493102,214,13,constant,"{""type"":""MultiPoint"",""coordinates"":[]}"
0_12_4,281.3715453748172,1212,13,constant,"{""type"":""MultiPoint"",""coordinates"":[]}"
0_12_5,984.2992903740783,1213,13,constant,"{""type"":""MultiPoint"",""coordinates"":[]}"
0_12_6,954.5058743236657,1214,13,constant,"{""type"":""MultiPoint"",""coordinates"":[]}"
0_12_7,185.2004362163088,2223,13,constant,"{""type"":""MultiPoint"",""coordinates"":[]}"
0_12_8,632.6684628789019,2224,13,constant,"{""type"":""MultiPoint"",""coordinates"":[]}"
0_12_9,868.6744845729359,2234,13,constant,"{""type"":""MultiPoint"",""coordinates"":[]}"
0_12_10,487.37686102929575,13123,13,constant,"{""type"":""MultiPoint"",""coordinates"":[]}"
0_12_11,1126.8456044552622,13124,13,constant,"{""type"":""MultiPoint"",""coordinates"":[]}"
0_12_12,3371.2482493172006,13134,13,constant,"{""type"":""MultiPoint"",""coordinates"":[]}"
0_12_13,1185.939443208376,23234,13,constant,"{""type"":""MultiPoint"",""coordinates"":[]}"
0_12_14,16017.065515116608,141234,13,constant,"{""type"":""MultiPoint"",""coordinates"":[]}"
0_13_0,2786.3510148197684,211,14,constant,"{""type"":""MultiPoint"",""coordinates"":[]}"
0_13_1,1272.1397714216332,212,14,constant,"{""type"":""MultiPoint"",""coordinates"":[]}"
0_13_2,3782.5607644855145,213,14,constant,"{""type"":""MultiPoint"",""coordinates"":[]}"
0_13_3,2811.91397218243,214,14,constant,"{""type"":""MultiPoint"",""coordinates"":[]}"
0_13_4,0.0017150833129882812,219,14,constant,"{""type"":""MultiPoint"",""coordinates"":[]}"
0_13_5,716.7689697562234,1212,14,constant,"{""type"":""MultiPoint"",""coordinates"":[]}"
0_13_6,2200.032710676382,1213,14,constant,"{""type"":""MultiPoint"",""coordinates"":[]}"
0_13_7,1548.3197097212505,1214,14,constant,"{""type"":""MultiPoint"",""coordinates"":[]}"
0_13_8,1055.9871458280045,2223,14,constant,"{""type"":""MultiPoint"",""coordinates"":[]}"
0_13_9,1079.4339578593813,2224,14,constant,"{""type"":""MultiPoint"",""coordinates"":[]}"
0_13_10,3195.148324151079,2234,14,constant,"{""type"":""MultiPoint"",""coordinates"":[]}"
0_13_11,1600.8282544453054,13123,14,constant,"{""type"":""MultiPoint"",""coordinates"":[]}"
0_13_12,2088.820173638068,13124,14,constant,"{""type"":""MultiPoint"",""coordinates"":[]}"
0_13_13,6741.911533866413,13134,14,constant,"{""type"":""MultiPoint"",""coordinates"":[]}"
0_13_14,3437.5914159475196,23234,14,constant,"{""type"":""MultiPoint"",""coordinates"":[]}"
0_13_15,23677.36947560684,141234,14,constant,"{""type"":""MultiPoint"",""coordinates"":[]}"
0_14_0,2716.7616871415566,211,15,constant,"{""type"":""MultiPoint"",""coordinates"":[]}"
0_14_1,521.0903523674931,212,15,constant,"{""type"":""MultiPoint"",""coordinates"":[]}"
0_14_2,1875.7130925945958,213,15,constant,"{""type"":""MultiPoint"",""coordinates"":[]}"
0_14_3,1166.1932266203526,214,15,constant,"{""type"":""MultiPoint"",""coordinates"":[]}"
0_14_4,73.99925749566576,219,15,constant,"{""type"":""MultiPoint"",""coordinates"":[]}"
0_14_5,1490.1631476703458,1212,15,constant,"{""type"":""MultiPoint"",""coordinates"":[]}"
0_14_6,6011.224511255731,1213,15,constant,"{""type"":""MultiPoint"",""coordinates"":[]}"
0_14_7,1199.2787676604692,1214,15,constant,"{""type"":""MultiPoint"",""coordinates"":[]}"
0_14_8,532.5844869757674,2223,15,constant,"{""type"":""MultiPoint"",""coordinates"":[]}"
0_14_9,589.9863016050406,2224,15,constant,"{""type"":""MultiPoint"",""coordinates"":[]}"
0_14_10,1088.8222186831645,2234,15,constant,"{""type"":""MultiPoint"",""coordinates"":[]}"
0_14_11,4910.757961462569,13123,15,constant,"{""type"":""MultiPoint"",""coordinates"":[]}"
0_14_12,2986.0162779539155,13124,15,constant,"{""type"":""MultiPoint"",""coordinates"":[]}"
0_14_13,3425.292724503835,13134,15,constant,"{""type"":""MultiPoint"",""coordinates"":[]}"
0_14_14,1251.1540532067822,23234,15,constant,"{""type"":""MultiPoint"",""coordinates"":[]}"
0_14_15,16954.24384699051,141234,15,constant,"{""type"":""MultiPoint"",""coordinates"":[]}"
0_15_0,1351.1516914666013,211,16,constant,"{""type"":""MultiPoint"",""coordinates"":[]}"
0_15_1,1061.5181742076993,212,16,constant,"{""type"":""MultiPoint"",""coordinates"":[]}"
0_15_2,647.7881934482466,213,16,constant,"{""type"":""MultiPoint"",""coordinates"":[]}"
0_15_3,1069.3460015971039,214,16,constant,"{""type"":""MultiPoint"",""coordinates"":[]}"
0_15_4,2.2938008117065434,219,16,constant,"{""type"":""MultiPoint"",""coordinates"":[]}"
0_15_5,255.89082352319375,1212,16,constant,"{""type"":""MultiPoint"",""coordinates"":[]}"
0_15_6,694.0625434719234,1213,16,constant,"{""type"":""MultiPoint"",""coordinates"":[]}"
0_15_7,799.9087137052553,1214,16,constant,"{""type"":""MultiPoint"",""coordinates"":[]}"
0_15_8,83.02557423272704,2223,16,constant,"{""type"":""MultiPoint"",""coordinates"":[]}"
0_15_9,352.4278341450196,2224,16,constant,"{""type"":""MultiPoint"",""coordinates"":[]}"
0_15_10,165.20425283441168,2234,16,constant,"{""type"":""MultiPoint"",""coordinates"":[]}"
0_15_11,338.20017066052134,13123,16,constant,"{""type"":""MultiPoint"",""coordinates"":[]}"
0_15_12,446.9624805725703,13124,16,constant,"{""type"":""MultiPoint"",""coordinates"":[]}"
0_15_13,1082.7278711427048,13134,16,constant,"{""type"":""MultiPoint"",""coordinates"":[]}"
0_15_14,96.12182564569095,23234,16,constant,"{""type"":""MultiPoint"",""coordinates"":[]}"
0_15_15,1263.3973998301278,141234,16,constant,"{""type"":""MultiPoint"",""coordinates"":[]}"
0_16_0,2221.9166077224972,211,17,constant,"{""type"":""MultiPoint"",""coordinates"":[]}"
0_16_1,1700.632756705319,212,17,constant,"{""type"":""MultiPoint"",""coordinates"":[]}"
0_16_2,3581.361412195676,213,17,constant,"{""type"":""MultiPoint"",""coordinates"":[]}"
0_16_3,4161.038025323526,214,17,constant,"{""type"":""MultiPoint"",""coordinates"":[]}"
0_16_4,0.02268830810546875,219,17,constant,"{""type"":""MultiPoint"",""coordinates"":[]}"
0_16_5,695.5092820892379,1212,17,constant,"{""type"":""MultiPoint"",""coordinates"":[]}"
0_16_6,1786.5287278166975,1213,17,constant,"{""type"":""MultiPoint"",""coordinates"":[]}"
0_16_7,1460.3686664773616,1214,17,constant,"{""type"":""MultiPoint"",""coordinates"":[]}"
0_16_8,869.5129122754462,2223,17,constant,"{""type"":""MultiPoint"",""coordinates"":[]}"
0_16_9,1507.5433466783477,2224,17,constant,"{""type"":""MultiPoint"",""coordinates"":[]}"
0_16_10,2933.4900213452547,2234,17,constant,"{""type"":""MultiPoint"",""coordinates"":[]}"
0_16_11,1221.1596551550963,13123,17,constant,"{""type"":""MultiPoint"",""coordinates"":[]}"
0_16_12,1565.0040320803255,13124,17,constant,"{""type"":""MultiPoint"",""coordinates"":[]}"
0_16_13,3910.0259151048517,13134,17,constant,"{""type"":""MultiPoint"",""coordinates"":[]}"
0_16_14,2932.8836742998556,23234,17,constant,"{""type"":""MultiPoint"",""coordinates"":[]}"
0_16_15,10710.934355489842,141234,17,constant,"{""type"":""MultiPoint"",""coordinates"":[]}"
0_17_0,630.9696336750475,211,18,constant,"{""type"":""MultiPoint"",""coordinates"":[]}"
0_17_1,415.2596358305062,212,18,constant,"{""type"":""MultiPoint"",""coordinates"":[]}"
0_17_2,779.683331017886,213,18,constant,"{""type"":""MultiPoint"",""coordinates"":[]}"
0_17_3,1387.2866384372162,214,18,constant,"{""type"":""MultiPoint"",""coordinates"":[]}"
0_17_4,167.55628982965106,1212,18,constant,"{""type"":""MultiPoint"",""coordinates"":[]}"
0_17_5,569.7173206392184,1213,18,constant,"{""type"":""MultiPoint"",""coordinates"":[]}"
0_17_6,361.48130594531114,1214,18,constant,"{""type"":""MultiPoint"",""coordinates"":[]}"
0_17_7,104.35459325012214,2223,18,constant,"{""type"":""MultiPoint"",""coordinates"":[]}"
0_17_8,469.8460099190058,2224,18,constant,"{""type"":""MultiPoint"",""coordinates"":[]}"
0_17_9,413.00370597479423,2234,18,constant,"{""type"":""MultiPoint"",""coordinates"":[]}"
0_17_10,363.55652144482366,13123,18,constant,"{""type"":""MultiPoint"",""coordinates"":[]}"
0_17_11,334.49214173669446,13124,18,constant,"{""type"":""MultiPoint"",""coordinates"":[]}"
0_17_12,736.6376484565474,13134,18,constant,"{""type"":""MultiPoint"",""coordinates"":[]}"
0_17_13,298.61447620922877,23234,18,constant,"{""type"":""MultiPoint"",""coordinates"":[]}"
0_17_14,1613.064330106328,141234,18,constant,"{""type"":""MultiPoint"",""coordinates"":[]}"
0_18_0,843.0351642946772,211,19,constant,"{""type"":""MultiPoint"",""coordinates"":[]}"
0_18_1,1009.4652629594057,212,19,constant,"{""type"":""MultiPoint"",""coordinates"":[]}"
0_18_2,649.0088107058069,213,19,constant,"{""type"":""MultiPoint"",""coordinates"":[]}"
0_18_3,714.4508750875813,214,19,constant,"{""type"":""MultiPoint"",""coordinates"":[]}"
0_18_4,0.3389935429077148,219,19,constant,"{""type"":""MultiPoint"",""coordinates"":[]}"
0_18_5,217.36334276739518,1212,19,constant,"{""type"":""MultiPoint"",""coordinates"":[]}"
0_18_6,427.5459305478491,1213,19,constant,"{""type"":""MultiPoint"",""coordinates"":[]}"
0_18_7,345.6458204725954,1214,19,constant,"{""type"":""MultiPoint"",""coordinates"":[]}"
0_18_8,90.643817890808,2223,19,constant,"{""type"":""MultiPoint"",""coordinates"":[]}"
0_18_9,247.46182738336185,2224,19,constant,"{""type"":""MultiPoint"",""coordinates"":[]}"
0_18_10,98.03014693017577,2234,19,constant,"{""type"":""MultiPoint"",""coordinates"":[]}"
0_18_11,300.3767288516238,13123,19,constant,"{""type"":""MultiPoint"",""coordinates"":[]}"
0_18_12,280.89268813976844,13124,19,constant,"{""type"":""MultiPoint"",""coordinates"":[]}"
0_18_13,331.9123818502809,13134,19,constant,"{""type"":""MultiPoint"",""coordinates"":[]}"
0_18_14,115.95992711956809,23234,19,constant,"{""type"":""MultiPoint"",""coordinates"":[]}"
0_18_15,914.5152283217751,141234,19,constant,"{""type"":""MultiPoint"",""coordinates"":[]}"
0_19_0,298.351410636782,211,20,constant,"{""type"":""MultiPoint"",""coordinates"":[]}"
0_19_1,153.76137933337526,212,20,constant,"{""type"":""MultiPoint"",""coordinates"":[]}"
0_19_2,319.27866616314583,213,20,constant,"{""type"":""MultiPoint"",""coordinates"":[]}"
0_19_3,584.3421447156379,214,20,constant,"{""type"":""MultiPoint"",""coordinates"":[]}"
0_19_4,96.73947636175532,1212,20,constant,"{""type"":""MultiPoint"",""coordinates"":[]}"
0_19_5,217.44514830664176,1213,20,constant,"{""type"":""MultiPoint"",""coordinates"":[]}"
0_19_6,216.22139044598305,1214,20,constant,"{""type"":""MultiPoint"",""coordinates"":[]}"
0_19_7,50.604061681640886,2223,20,constant,"{""type"":""MultiPoint"",""coordinates"":[]}"
0_19_8,174.41745411352534,2224,20,constant,"{""type"":""MultiPoint"",""coordinates"":[]}"
0_19_9,257.8793806975706,2234,20,constant,"{""type"":""MultiPoint"",""coordinates"":[]}"
0_19_10,148.17757136553917,13123,20,constant,"{""type"":""MultiPoint"",""coordinates"":[]}"
0_19_11,176.46449175653106,13124,20,constant,"{""type"":""MultiPoint"",""coordinates"":[]}"
0_19_12,451.35166500494785,13134,20,constant,"{""type"":""MultiPoint"",""coordinates"":[]}"
0_19_13,131.34377647595232,23234,20,constant,"{""type"":""MultiPoint"",""coordinates"":[]}"
0_19_14,724.4591023959971,141234,20,constant,"{""type"":""MultiPoint"",""coordinates"":[]}"
0_20_0,1237.7485372370536,211,21,constant,"{""type"":""MultiPoint"",""coordinates"":[]}"
0_20_1,702.1522387139293,212,21,constant,"{""type"":""MultiPoint"",""coordinates"":[]}"
0_20_2,1639.400115358814,213,21,constant,"{""type"":""MultiPoint"",""coordinates"":[]}"
0_20_3,1871.5249800100094,214,21,constant,"{""type"":""MultiPoint"",""coordinates"":[]}"
0_20_4,269.466549363282,1212,21,constant,"{""type"":""MultiPoint"",""coordinates"":[]}"
0_20_5,1095.8410571266486,1213,21,constant,"{""type"":""MultiPoint"",""coordinates"":[]}"
0_20_6,719.5141319400641,1214,21,constant,"{""type"":""MultiPoint"",""coordinates"":[]}"
0_20_7,325.51735061962944,2223,21,constant,"{""type"":""MultiPoint"",""coordinates"":[]}"
0_20_8,885.3661860455921,2224,21,constant,"{""type"":""MultiPoint"",""coordinates"":[]}"
0_20_9,1062.6968758721898,2234,21,constant,"{""type"":""MultiPoint"",""coordinates"":[]}"
0_20_10,594.8567744118058,13123,21,constant,"{""type"":""MultiPoint"",""coordinates"":[]}"
0_20_11,875.7434309768154,13124,21,constant,"{""type"":""MultiPoint"",""coordinates"":[]}"
0_20_12,2176.2464400314866,13134,21,constant,"{""type"":""MultiPoint"",""coordinates"":[]}"
0_20_13,1312.675962906009,23234,21,constant,"{""type"":""MultiPoint"",""coordinates"":[]}"
0_20_14,8611.736988271668,141234,21,constant,"{""type"":""MultiPoint"",""coordinates"":[]}"
0_21_0,553.888658065123,211,22,constant,"{""type"":""MultiPoint"",""coordinates"":[]}"
0_21_1,495.1386873573656,212,22,constant,"{""type"":""MultiPoint"",""coordinates"":[]}"
0_21_2,689.0433079152775,213,22,constant,"{""type"":""MultiPoint"",""coordinates"":[]}"
0_21_3,1658.601127516815,214,22,constant,"{""type"":""MultiPoint"",""coordinates"":[]}"
0_21_4,91.95077617193598,1212,22,constant,"{""type"":""MultiPoint"",""coordinates"":[]}"
0_21_5,447.7468691524716,1213,22,constant,"{""type"":""MultiPoint"",""coordinates"":[]}"
0_21_6,445.08942336498495,1214,22,constant,"{""type"":""MultiPoint"",""coordinates"":[]}"
0_21_7,101.39931642022685,2223,22,constant,"{""type"":""MultiPoint"",""coordinates"":[]}"
0_21_8,658.4048963756135,2224,22,constant,"{""type"":""MultiPoint"",""coordinates"":[]}"
0_21_9,473.6043825451095,2234,22,constant,"{""type"":""MultiPoint"",""coordinates"":[]}"
0_21_10,136.88400314343272,13123,22,constant,"{""type"":""MultiPoint"",""coordinates"":[]}"
0_21_11,395.44464836926346,13124,22,constant,"{""type"":""MultiPoint"",""coordinates"":[]}"
0_21_12,820.5332409722779,13134,22,constant,"{""type"":""MultiPoint"",""coordinates"":[]}"
0_21_13,438.6508017726482,23234,22,constant,"{""type"":""MultiPoint"",""coordinates"":[]}"
0_21_14,2529.774650465369,141234,22,constant,"{""type"":""MultiPoint"",""coordinates"":[]}"
0_22_0,617.4492275576615,211,23,constant,"{""type"":""MultiPoint"",""coordinates"":[]}"
0_22_1,447.2718451239587,212,23,constant,"{""type"":""MultiPoint"",""coordinates"":[]}"
0_22_2,901.2069042693485,213,23,constant,"{""type"":""MultiPoint"",""coordinates"":[]}"
0_22_3,1382.2657980078923,214,23,constant,"{""type"":""MultiPoint"",""coordinates"":[]}"
0_22_4,0.0016990027465820312,219,23,constant,"{""type"":""MultiPoint"",""coordinates"":[]}"
0_22_5,162.0854673444799,1212,23,constant,"{""type"":""MultiPoint"",""coordinates"":[]}"
0_22_6,406.372568228585,1213,23,constant,"{""type"":""MultiPoint"",""coordinates"":[]}"
0_22_7,406.6141039885611,1214,23,constant,"{""type"":""MultiPoint"",""coordinates"":[]}"
0_22_8,189.2675822392572,2223,23,constant,"{""type"":""MultiPoint"",""coordinates"":[]}"
0_22_9,591.2265713668099,2224,23,constant,"{""type"":""MultiPoint"",""coordinates"":[]}"
0_22_10,879.6708133500955,2234,23,constant,"{""type"":""MultiPoint"",""coordinates"":[]}"
0_22_11,255.67285739373636,13123,23,constant,"{""type"":""MultiPoint"",""coordinates"":[]}"
0_22_12,444.033718430656,13124,23,constant,"{""type"":""MultiPoint"",""coordinates"":[]}"
0_22_13,955.2680955063302,13134,23,constant,"{""type"":""MultiPoint"",""coordinates"":[]}"
0_22_14,881.6442196433616,23234,23,constant,"{""type"":""MultiPoint"",""coordinates"":[]}"
0_22_15,2708.4668353939473,141234,23,constant,"{""type"":""MultiPoint"",""coordinates"":[]}"
0_23_0,1600.612155076969,211,24,constant,"{""type"":""MultiPoint"",""coordinates"":[]}"
0_23_1,339.5762310112325,212,24,constant,"{""type"":""MultiPoint"",""coordinates"":[]}"
0_23_2,202.03157514868167,213,24,constant,"{""type"":""MultiPoint"",""coordinates"":[]}"
0_23_3,332.5713695543211,214,24,constant,"{""type"":""MultiPoint"",""coordinates"":[]}"
0_23_4,0.009715534606933593,219,24,constant,"{""type"":""MultiPoint"",""coordinates"":[]}"
0_23_5,454.95919780041294,1212,24,constant,"{""type"":""MultiPoint"",""coordinates"":[]}"
0_23_6,1066.085174605586,1213,24,constant,"{""type"":""MultiPoint"",""coordinates"":[]}"
0_23_7,953.4815118351445,1214,24,constant,"{""type"":""MultiPoint"",""coordinates"":[]}"
0_23_8,96.88539087109355,2223,24,constant,"{""type"":""MultiPoint"",""coordinates"":[]}"
0_23_9,266.7632508548594,2224,24,constant,"{""type"":""MultiPoint"",""coordinates"":[]}"
0_23_10,223.88448829913352,2234,24,constant,"{""type"":""MultiPoint"",""coordinates"":[]}"
0_23_11,1868.0068543978882,13123,24,constant,"{""type"":""MultiPoint"",""coordinates"":[]}"
0_23_12,1693.1254911701706,13124,24,constant,"{""type"":""MultiPoint"",""coordinates"":[]}"
0_23_13,8398.470917368351,13134,24,constant,"{""type"":""MultiPoint"",""coordinates"":[]}"
0_23_14,463.85558957635783,23234,24,constant,"{""type"":""MultiPoint"",""coordinates"":[]}"
0_23_15,34632.604616629484,141234,24,constant,"{""type"":""MultiPoint"",""coordinates"":[]}"
0_24_0,5297.1071472448975,211,25,constant,"{""type"":""MultiPoint"",""coordinates"":[]}"
0_24_1,2600.2362425300857,212,25,constant,"{""type"":""MultiPoint"",""coordinates"":[]}"
0_24_2,4067.0934619403747,213,25,constant,"{""type"":""MultiPoint"",""coordinates"":[]}"
0_24_3,5134.8666336576325,214,25,constant,"{""type"":""MultiPoint"",""coordinates"":[]}"
0_24_4,359.29975098644934,219,25,constant,"{""type"":""MultiPoint"",""coordinates"":[]}"
0_24_5,1436.4329876469133,1212,25,constant,"{""type"":""MultiPoint"",""coordinates"":[]}"
0_24_6,9133.560379303126,1213,25,constant,"{""type"":""MultiPoint"",""coordinates"":[]}"
0_24_7,3198.6353556619947,1214,25,constant,"{""type"":""MultiPoint"",""coordinates"":[]}"
0_24_8,746.4888921140747,2223,25,constant,"{""type"":""MultiPoint"",""coordinates"":[]}"
0_24_9,1954.802812824772,2224,25,constant,"{""type"":""MultiPoint"",""coordinates"":[]}"
0_24_10,1488.7272536906041,2234,25,constant,"{""type"":""MultiPoint"",""coordinates"":[]}"
0_24_11,2631.191129336303,13123,25,constant,"{""type"":""MultiPoint"",""coordinates"":[]}"
0_24_12,3418.9278499537504,13124,25,constant,"{""type"":""MultiPoint"",""coordinates"":[]}"
0_24_13,11794.779571443985,13134,25,constant,"{""type"":""MultiPoint"",""coordinates"":[]}"
0_24_14,1888.9675600606022,23234,25,constant,"{""type"":""MultiPoint"",""coordinates"":[]}"
0_24_15,34881.55871533111,141234,25,constant,"{""type"":""MultiPoint"",""coordinates"":[]}"
0_25_0,1208.730151061327,211,26,constant,"{""type"":""MultiPoint"",""coordinates"":[]}"
0_25_1,1673.0689728104928,212,26,constant,"{""type"":""MultiPoint"",""coordinates"":[]}"
0_25_2,485.9361361500276,213,26,constant,"{""type"":""MultiPoint"",""coordinates"":[]}"
0_25_3,431.38133015417355,214,26,constant,"{""type"":""MultiPoint"",""coordinates"":[]}"
0_25_4,0.010575982299804687,219,26,constant,"{""type"":""MultiPoint"",""coordinates"":[]}"
0_25_5,868.4951723039561,1212,26,constant,"{""type"":""MultiPoint"",""coordinates"":[]}"
0_25_6,907.3539648970373,1213,26,constant,"{""type"":""MultiPoint"",""coordinates"":[]}"
0_25_7,648.6017171944596,1214,26,constant,"{""type"":""MultiPoint"",""coordinates"":[]}"
0_25_8,256.91401133502063,2223,26,constant,"{""type"":""MultiPoint"",""coordinates"":[]}"
0_25_9,485.17757480157485,2224,26,constant,"{""type"":""MultiPoint"",""coordinates"":[]}"
0_25_10,266.27095642065456,2234,26,constant,"{""type"":""MultiPoint"",""coordinates"":[]}"
0_25_11,2791.2790550954905,13123,26,constant,"{""type"":""MultiPoint"",""coordinates"":[]}"
0_25_12,2209.409213385307,13124,26,constant,"{""type"":""MultiPoint"",""coordinates"":[]}"
0_25_13,5337.269323459523,13134,26,constant,"{""type"":""MultiPoint"",""coordinates"":[]}"
0_25_14,860.3419391162093,23234,26,constant,"{""type"":""MultiPoint"",""coordinates"":[]}"
0_25_15,47825.01448887448,141234,26,constant,"{""type"":""MultiPoint"",""coordinates"":[]}"
0_26_0,1035.9647828004847,211,27,constant,"{""type"":""MultiPoint"",""coordinates"":[]}"
0_26_1,3208.5400405501355,212,27,constant,"{""type"":""MultiPoint"",""coordinates"":[]}"
0_26_2,547.545734961802,213,27,constant,"{""type"":""MultiPoint"",""coordinates"":[]}"
0_26_3,890.2837777802711,214,27,constant,"{""type"":""MultiPoint"",""coordinates"":[]}"
0_26_4,520.2415522888239,1212,27,constant,"{""type"":""MultiPoint"",""coordinates"":[]}"
0_26_5,501.3137480194682,1213,27,constant,"{""type"":""MultiPoint"",""coordinates"":[]}"
0_26_6,750.350069910707,1214,27,constant,"{""type"":""MultiPoint"",""coordinates"":[]}"
0_26_7,226.88922720782472,2223,27,constant,"{""type"":""MultiPoint"",""coordinates"":[]}"
0_26_8,858.294839174435,2224,27,constant,"{""type"":""MultiPoint"",""coordinates"":[]}"
0_26_9,390.5789610926523,2234,27,constant,"{""type"":""MultiPoint"",""coordinates"":[]}"
0_26_10,1010.3924316585219,13123,27,constant,"{""type"":""MultiPoint"",""coordinates"":[]}"
0_26_11,2059.598042452535,13124,27,constant,"{""type"":""MultiPoint"",""coordinates"":[]}"
0_26_12,1884.8746789168927,13134,27,constant,"{""type"":""MultiPoint"",""coordinates"":[]}"
0_26_13,938.7796658377665,23234,27,constant,"{""type"":""MultiPoint"",""coordinates"":[]}"
0_26_14,16968.805475817127,141234,27,constant,"{""type"":""MultiPoint"",""coordinates"":[]}"
0_27_0,2346.7200866304925,211,28,constant,"{""type"":""MultiPoint"",""coordinates"":[]}"
0_27_1,871.6394354858407,212,28,constant,"{""type"":""MultiPoint"",""coordinates"":[]}"
0_27_2,800.399269520321,213,28,constant,"{""type"":""MultiPoint"",""coordinates"":[]}"
0_27_3,983.2619270522478,214,28,constant,"{""type"":""MultiPoint"",""coordinates"":[]}"
0_27_4,101.00090621173237,219,28,constant,"{""type"":""MultiPoint"",""coordinates"":[]}"
0_27_5,868.3505635611053,1212,28,constant,"{""type"":""MultiPoint"",""coordinates"":[]}"
0_27_6,3244.3545101318864,1213,28,constant,"{""type"":""MultiPoint"",""coordinates"":[]}"
0_27_7,1642.850710898339,1214,28,constant,"{""type"":""MultiPoint"",""coordinates"":[]}"
0_27_8,187.5036286532595,2223,28,constant,"{""type"":""MultiPoint"",""coordinates"":[]}"
0_27_9,641.2301592639116,2224,28,constant,"{""type"":""MultiPoint"",""coordinates"":[]}"
0_27_10,227.55311850854503,2234,28,constant,"{""type"":""MultiPoint"",""coordinates"":[]}"
0_27_11,1344.5566411567859,13123,28,constant,"{""type"":""MultiPoint"",""coordinates"":[]}"
0_27_12,2627.76307055724,13124,28,constant,"{""type"":""MultiPoint"",""coordinates"":[]}"
0_27_13,4062.6975990374667,13134,28,constant,"{""type"":""MultiPoint"",""coordinates"":[]}"
0_27_14,496.5171317473145,23234,28,constant,"{""type"":""MultiPoint"",""coordinates"":[]}"
0_27_15,15323.381843282728,141234,28,constant,"{""type"":""MultiPoint"",""coordinates"":[]}"
0_28_0,2590.702409825387,211,29,constant,"{""type"":""MultiPoint"",""coordinates"":[]}"
0_28_1,719.2863180204473,212,29,constant,"{""type"":""MultiPoint"",""coordinates"":[]}"
0_28_2,602.0623582541517,213,29,constant,"{""type"":""MultiPoint"",""coordinates"":[]}"
0_28_3,201.0821615606081,214,29,constant,"{""type"":""MultiPoint"",""coordinates"":[]}"
0_28_4,1197.206674252641,219,29,constant,"{""type"":""MultiPoint"",""coordinates"":[]}"
0_28_5,996.4318929326452,1212,29,constant,"{""type"":""MultiPoint"",""coordinates"":[]}"
0_28_6,1818.9686745808292,1213,29,constant,"{""type"":""MultiPoint"",""coordinates"":[]}"
0_28_7,813.2660558093827,1214,29,constant,"{""type"":""MultiPoint"",""coordinates"":[]}"
0_28_8,73.23885411785899,2223,29,constant,"{""type"":""MultiPoint"",""coordinates"":[]}"
0_28_9,201.7362717202147,2224,29,constant,"{""type"":""MultiPoint"",""coordinates"":[]}"
0_28_10,59.18718265673826,2234,29,constant,"{""type"":""MultiPoint"",""coordinates"":[]}"
0_28_11,3800.822291351289,13123,29,constant,"{""type"":""MultiPoint"",""coordinates"":[]}"
0_28_12,2056.252245526308,13124,29,constant,"{""type"":""MultiPoint"",""coordinates"":[]}"
0_28_13,4798.678946142011,13134,29,constant,"{""type"":""MultiPoint"",""coordinates"":[]}"
0_28_14,84.63502424823005,23234,29,constant,"{""type"":""MultiPoint"",""coordinates"":[]}"
0_28_15,50024.96384451687,141234,29,constant,"{""type"":""MultiPoint"",""coordinates"":[]}"
0_29_0,648.6504593604144,211,30,constant,"{""type"":""MultiPoint"",""coordinates"":[]}"
0_29_1,759.9415955400951,212,30,constant,"{""type"":""MultiPoint"",""coordinates"":[]}"
0_29_2,685.4482968436882,213,30,constant,"{""type"":""MultiPoint"",""coordinates"":[]}"
0_29_3,985.6887423617568,214,30,constant,"{""type"":""MultiPoint"",""coordinates"":[]}"
0_29_4,164.11806832922355,1212,30,constant,"{""type"":""MultiPoint"",""coordinates"":[]}"
0_29_5,729.2756324533054,1213,30,constant,"{""type"":""MultiPoint"",""coordinates"":[]}"
0_29_6,457.7034538850112,1214,30,constant,"{""type"":""MultiPoint"",""coordinates"":[]}"
0_29_7,238.09492166186416,2223,30,constant,"{""type"":""MultiPoint"",""coordinates"":[]}"
0_29_8,817.5495444017898,2224,30,constant,"{""type"":""MultiPoint"",""coordinates"":[]}"
0_29_9,467.4320550928976,2234,30,constant,"{""type"":""MultiPoint"",""coordinates"":[]}"
0_29_10,400.01496653313967,13123,30,constant,"{""type"":""MultiPoint"",""coordinates"":[]}"
0_29_11,908.9021745123893,13124,30,constant,"{""type"":""MultiPoint"",""coordinates"":[]}"
0_29_12,1624.3249431021013,13134,30,constant,"{""type"":""MultiPoint"",""coordinates"":[]}"
0_29_13,1481.7284117087843,23234,30,constant,"{""type"":""MultiPoint"",""coordinates"":[]}"
0_29_14,15505.36158968106,141234,30,constant,"{""type"":""MultiPoint"",""coordinates"":[]}"
0_30_0,969.8664629691726,211,31,constant,"{""type"":""MultiPoint"",""coordinates"":[]}"
0_30_1,904.6627259565876,212,31,constant,"{""type"":""MultiPoint"",""coordinates"":[]}"
0_30_2,316.3674255910642,213,31,constant,"{""type"":""MultiPoint"",""coordinates"":[]}"
0_30_3,963.9596977615897,214,31,constant,"{""type"":""MultiPoint"",""coordinates"":[]}"
0_30_4,0.259748954223633,219,31,constant,"{""type"":""MultiPoint"",""coordinates"":[]}"
0_30_5,335.873953130861,1212,31,constant,"{""type"":""MultiPoint"",""coordinates"":[]}"
0_30_6,445.9928786610654,1213,31,constant,"{""type"":""MultiPoint"",""coordinates"":[]}"
0_30_7,842.1064955059702,1214,31,constant,"{""type"":""MultiPoint"",""coordinates"":[]}"
0_30_8,142.35407321276975,2223,31,constant,"{""type"":""MultiPoint"",""coordinates"":[]}"
0_30_9,936.5988822310707,2224,31,constant,"{""type"":""MultiPoint"",""coordinates"":[]}"
0_30_10,159.43220545727542,2234,31,constant,"{""type"":""MultiPoint"",""coordinates"":[]}"
0_30_11,568.657431857554,13123,31,constant,"{""type"":""MultiPoint"",""coordinates"":[]}"
0_30_12,2643.872021654284,13124,31,constant,"{""type"":""MultiPoint"",""coordinates"":[]}"
0_30_13,876.9616655502272,13134,31,constant,"{""type"":""MultiPoint"",""coordinates"":[]}"
0_30_14,558.5060724137512,23234,31,constant,"{""type"":""MultiPoint"",""coordinates"":[]}"
0_30_15,8012.678248364012,141234,31,constant,"{""type"":""MultiPoint"",""coordinates"":[]}"
0_31_0,461.1187575535833,211,32,constant,"{""type"":""MultiPoint"",""coordinates"":[]}"
0_31_1,484.9420145331433,212,32,constant,"{""type"":""MultiPoint"",""coordinates"":[]}"
0_31_2,345.3529961874386,213,32,constant,"{""type"":""MultiPoint"",""coordinates"":[]}"
0_31_3,870.3400646783964,214,32,constant,"{""type"":""MultiPoint"",""coordinates"":[]}"
0_31_4,110.62978388616976,1212,32,constant,"{""type"":""MultiPoint"",""coordinates"":[]}"
0_31_5,451.27188466625785,1213,32,constant,"{""type"":""MultiPoint"",""coordinates"":[]}"
0_31_6,320.79621271752904,1214,32,constant,"{""type"":""MultiPoint"",""coordinates"":[]}"
0_31_7,101.22599890954605,2223,32,constant,"{""type"":""MultiPoint"",""coordinates"":[]}"
0_31_8,634.6504393942217,2224,32,constant,"{""type"":""MultiPoint"",""coordinates"":[]}"
0_31_9,198.85555648742704,2234,32,constant,"{""type"":""MultiPoint"",""coordinates"":[]}"
0_31_10,254.07595026568697,13123,32,constant,"{""type"":""MultiPoint"",""coordinates"":[]}"
0_31_11,719.5632742504667,13124,32,constant,"{""type"":""MultiPoint"",""coordinates"":[]}"
0_31_12,781.9964408973367,13134,32,constant,"{""type"":""MultiPoint"",""coordinates"":[]}"
0_31_13,526.0905390833706,23234,32,constant,"{""type"":""MultiPoint"",""coordinates"":[]}"
0_31_14,7255.048082383981,141234,32,constant,"{""type"":""MultiPoint"",""coordinates"":[]}"
0_32_0,359.8400137969362,211,33,constant,"{""type"":""MultiPoint"",""coordinates"":[]}"
0_32_1,457.81054764575856,212,33,constant,"{""type"":""MultiPoint"",""coordinates"":[]}"
0_32_2,373.00716392371316,213,33,constant,"{""type"":""MultiPoint"",""coordinates"":[]}"
0_32_3,667.6071725592051,214,33,constant,"{""type"":""MultiPoint"",""coordinates"":[]}"
0_32_4,8.441953125E-4,219,33,constant,"{""type"":""MultiPoint"",""coordinates"":[]}"
0_32_5,169.90817929559492,1212,33,constant,"{""type"":""MultiPoint"",""coordinates"":[]}"
0_32_6,280.87377312475786,1213,33,constant,"{""type"":""MultiPoint"",""coordinates"":[]}"
0_32_7,209.81985482055765,1214,33,constant,"{""type"":""MultiPoint"",""coordinates"":[]}"
0_32_8,115.25353080578616,2223,33,constant,"{""type"":""MultiPoint"",""coordinates"":[]}"
0_32_9,519.4162429583107,2224,33,constant,"{""type"":""MultiPoint"",""coordinates"":[]}"
0_32_10,153.1458303157962,2234,33,constant,"{""type"":""MultiPoint"",""coordinates"":[]}"
0_32_11,317.86392368914926,13123,33,constant,"{""type"":""MultiPoint"",""coordinates"":[]}"
0_32_12,733.2433579363502,13124,33,constant,"{""type"":""MultiPoint"",""coordinates"":[]}"
0_32_13,403.51477161022734,13134,33,constant,"{""type"":""MultiPoint"",""coordinates"":[]}"
0_32_14,386.6497355977856,23234,33,constant,"{""type"":""MultiPoint"",""coordinates"":[]}"
0_32_15,3910.68334649088,141234,33,constant,"{""type"":""MultiPoint"",""coordinates"":[]}"
0_33_0,1001.8558587548199,211,34,constant,"{""type"":""MultiPoint"",""coordinates"":[]}"
0_33_1,1200.8772426299402,212,34,constant,"{""type"":""MultiPoint"",""coordinates"":[]}"
0_33_2,2313.6817978458084,213,34,constant,"{""type"":""MultiPoint"",""coordinates"":[]}"
0_33_3,3614.76245131969,214,34,constant,"{""type"":""MultiPoint"",""coordinates"":[]}"
0_33_4,335.14018041314733,1212,34,constant,"{""type"":""MultiPoint"",""coordinates"":[]}"
0_33_5,1319.6975161196854,1213,34,constant,"{""type"":""MultiPoint"",""coordinates"":[]}"
0_33_6,890.442539574158,1214,34,constant,"{""type"":""MultiPoint"",""coordinates"":[]}"
0_33_7,321.78057938678086,2223,34,constant,"{""type"":""MultiPoint"",""coordinates"":[]}"
0_33_8,1630.1038210001864,2224,34,constant,"{""type"":""MultiPoint"",""coordinates"":[]}"
0_33_9,1451.3485688245287,2234,34,constant,"{""type"":""MultiPoint"",""coordinates"":[]}"
0_33_10,1286.290476987025,13123,34,constant,"{""type"":""MultiPoint"",""coordinates"":[]}"
0_33_11,1136.267015349912,13124,34,constant,"{""type"":""MultiPoint"",""coordinates"":[]}"
0_33_12,2976.459905506549,13134,34,constant,"{""type"":""MultiPoint"",""coordinates"":[]}"
0_33_13,1523.6474692752088,23234,34,constant,"{""type"":""MultiPoint"",""coordinates"":[]}"
0_33_14,10071.053591002266,141234,34,constant,"{""type"":""MultiPoint"",""coordinates"":[]}"
0_34_0,507.292537730103,211,35,constant,"{""type"":""MultiPoint"",""coordinates"":[]}"
0_34_1,580.1362389021053,212,35,constant,"{""type"":""MultiPoint"",""coordinates"":[]}"
0_34_2,1523.0764848733415,213,35,constant,"{""type"":""MultiPoint"",""coordinates"":[]}"
0_34_3,1284.4719857019004,214,35,constant,"{""type"":""MultiPoint"",""coordinates"":[]}"
0_34_4,165.5247367265633,1212,35,constant,"{""type"":""MultiPoint"",""coordinates"":[]}"
0_34_5,491.8723410600597,1213,35,constant,"{""type"":""MultiPoint"",""coordinates"":[]}"
0_34_6,460.139168978376,1214,35,constant,"{""type"":""MultiPoint"",""coordinates"":[]}"
0_34_7,117.24513064080814,2223,35,constant,"{""type"":""MultiPoint"",""coordinates"":[]}"
0_34_8,735.8691824938423,2224,35,constant,"{""type"":""MultiPoint"",""coordinates"":[]}"
0_34_9,343.61678532592725,2234,35,constant,"{""type"":""MultiPoint"",""coordinates"":[]}"
0_34_10,384.60427344384755,13123,35,constant,"{""type"":""MultiPoint"",""coordinates"":[]}"
0_34_11,862.9295765094082,13124,35,constant,"{""type"":""MultiPoint"",""coordinates"":[]}"
0_34_12,1314.4579671199508,13134,35,constant,"{""type"":""MultiPoint"",""coordinates"":[]}"
0_34_13,436.3391196046779,23234,35,constant,"{""type"":""MultiPoint"",""coordinates"":[]}"
0_34_14,5526.6578388232765,141234,35,constant,"{""type"":""MultiPoint"",""coordinates"":[]}"
0_35_0,677.2950169796717,211,36,constant,"{""type"":""MultiPoint"",""coordinates"":[]}"
0_35_1,767.5973356612594,212,36,constant,"{""type"":""MultiPoint"",""coordinates"":[]}"
0_35_2,1025.252078970036,213,36,constant,"{""type"":""MultiPoint"",""coordinates"":[]}"
0_35_3,1175.6276704038014,214,36,constant,"{""type"":""MultiPoint"",""coordinates"":[]}"
0_35_4,273.82836090972825,1212,36,constant,"{""type"":""MultiPoint"",""coordinates"":[]}"
0_35_5,476.06850812408516,1213,36,constant,"{""type"":""MultiPoint"",""coordinates"":[]}"
0_35_6,518.9093493269023,1214,36,constant,"{""type"":""MultiPoint"",""coordinates"":[]}"
0_35_7,122.0968594999389,2223,36,constant,"{""type"":""MultiPoint"",""coordinates"":[]}"
0_35_8,737.0242415363824,2224,36,constant,"{""type"":""MultiPoint"",""coordinates"":[]}"
0_35_9,374.1978224075325,2234,36,constant,"{""type"":""MultiPoint"",""coordinates"":[]}"
0_35_10,361.9472451542965,13123,36,constant,"{""type"":""MultiPoint"",""coordinates"":[]}"
0_35_11,1048.2637690120914,13124,36,constant,"{""type"":""MultiPoint"",""coordinates"":[]}"
0_35_12,1111.4878175082397,13134,36,constant,"{""type"":""MultiPoint"",""coordinates"":[]}"
0_35_13,431.3958072355352,23234,36,constant,"{""type"":""MultiPoint"",""coordinates"":[]}"
0_35_14,5586.744707937132,141234,36,constant,"{""type"":""MultiPoint"",""coordinates"":[]}"
0_36_0,190.938583257629,211,37,constant,"{""type"":""MultiPoint"",""coordinates"":[]}"
0_36_1,151.26419915759269,212,37,constant,"{""type"":""MultiPoint"",""coordinates"":[]}"
0_36_2,9138.145486726762,213,37,constant,"{""type"":""MultiPoint"",""coordinates"":[]}"
0_36_3,494.0319961169419,214,37,constant,"{""type"":""MultiPoint"",""coordinates"":[]}"
0_36_4,7.756963212951674,219,37,constant,"{""type"":""MultiPoint"",""coordinates"":[]}"
0_36_5,62.08227124652095,1212,37,constant,"{""type"":""MultiPoint"",""coordinates"":[]}"
0_36_6,641.8563301073003,1213,37,constant,"{""type"":""MultiPoint"",""coordinates"":[]}"
0_36_7,168.99725698925687,1214,37,constant,"{""type"":""MultiPoint"",""coordinates"":[]}"
0_36_8,347.1341694890758,2223,37,constant,"{""type"":""MultiPoint"",""coordinates"":[]}"
0_36_9,204.55171352728175,2224,37,constant,"{""type"":""MultiPoint"",""coordinates"":[]}"
0_36_10,109.71820716186535,2234,37,constant,"{""type"":""MultiPoint"",""coordinates"":[]}"
0_36_11,800.124802194211,13123,37,constant,"{""type"":""MultiPoint"",""coordinates"":[]}"
0_36_12,248.4877811483149,13124,37,constant,"{""type"":""MultiPoint"",""coordinates"":[]}"
0_36_13,403.98115186327834,13134,37,constant,"{""type"":""MultiPoint"",""coordinates"":[]}"
0_36_14,96.97898964935324,23234,37,constant,"{""type"":""MultiPoint"",""coordinates"":[]}"
0_36_15,1159.2789439584744,141234,37,constant,"{""type"":""MultiPoint"",""coordinates"":[]}"
0_37_0,767.5632996477628,211,38,constant,"{""type"":""MultiPoint"",""coordinates"":[]}"
0_37_1,1198.8947470506428,212,38,constant,"{""type"":""MultiPoint"",""coordinates"":[]}"
0_37_2,890.2786609066003,213,38,constant,"{""type"":""MultiPoint"",""coordinates"":[]}"
0_37_3,1523.3491098445322,214,38,constant,"{""type"":""MultiPoint"",""coordinates"":[]}"
0_37_4,9.209028502685571,219,38,constant,"{""type"":""MultiPoint"",""coordinates"":[]}"
0_37_5,448.7118320118398,1212,38,constant,"{""type"":""MultiPoint"",""coordinates"":[]}"
0_37_6,681.2587625868492,1213,38,constant,"{""type"":""MultiPoint"",""coordinates"":[]}"
0_37_7,534.9483684203377,1214,38,constant,"{""type"":""MultiPoint"",""coordinates"":[]}"
0_37_8,287.94007269439567,2223,38,constant,"{""type"":""MultiPoint"",""coordinates"":[]}"
0_37_9,967.973790530451,2224,38,constant,"{""type"":""MultiPoint"",""coordinates"":[]}"
0_37_10,396.8451894696662,2234,38,constant,"{""type"":""MultiPoint"",""coordinates"":[]}"
0_37_11,1038.6166196353815,13123,38,constant,"{""type"":""MultiPoint"",""coordinates"":[]}"
0_37_12,1132.0445238737766,13124,38,constant,"{""type"":""MultiPoint"",""coordinates"":[]}"
0_37_13,1314.3286508093017,13134,38,constant,"{""type"":""MultiPoint"",""coordinates"":[]}"
0_37_14,680.7683783424658,23234,38,constant,"{""type"":""MultiPoint"",""coordinates"":[]}"
0_37_15,11750.949233264122,141234,38,constant,"{""type"":""MultiPoint"",""coordinates"":[]}"
